Workbook

Sheet Analysis
A1: Student Performance Analysis
A3: CLASS SUMMARY
A4: Total Students | B4: =COUNTA('Student Data'!B2:B31) -> 30
A5: Passed | B5: =COUNTIF('Student Data'!K2:K31,"Pass") -> 26
A6: Failed | B6: =COUNTIF('Student Data'!K2:K31,"Fail") -> 4
A7: Pass Percentage | B7: =IFERROR(B5/B4,0) -> 0.86666667
A8: Class Average % | B8: =AVERAGE('Student Data'!I2:I31) -> 0.67293333
A9: Highest Total | B9: =MAX('Student Data'!H2:H31) -> 404
A10: Topper | B10: =INDEX('Student Data'!B2:B31,MATCH(MAX('Student Data'!H2:H31),'Student Data'!H2:H31,0)) -> Tushar
A13: SUBJECT-WISE ANALYSIS
A14: Subject | B14: Average | C14: Highest | D14: Lowest | E14: Students Below 35
A15: Mathematics | B15: =AVERAGE('Student Data'!C2:C31) -> 68.533333 | C15: =MAX('Student Data'!C2:C31) -> 100 | D15: =MIN('Student Data'!C2:C31) -> 37 | E15: =COUNTIF('Student Data'!C2:C31,"<35") -> 0
A16: Computer Science | B16: =AVERAGE('Student Data'!D2:D31) -> 65.833333 | C16: =MAX('Student Data'!D2:D31) -> 100 | D16: =MIN('Student Data'!D2:D31) -> 32 | E16: =COUNTIF('Student Data'!D2:D31,"<35") -> 1
A17: English | B17: =AVERAGE('Student Data'!E2:E31) -> 64.5 | C17: =MAX('Student Data'!E2:E31) -> 100 | D17: =MIN('Student Data'!E2:E31) -> 24 | E17: =COUNTIF('Student Data'!E2:E31,"<35") -> 2
A18: Database (SQL) | B18: =AVERAGE('Student Data'!F2:F31) -> 67.833333 | C18: =MAX('Student Data'!F2:F31) -> 100 | D18: =MIN('Student Data'!F2:F31) -> 41 | E18: =COUNTIF('Student Data'!F2:F31,"<35") -> 0
A19: Programming (C++) | B19: =AVERAGE('Student Data'!G2:G31) -> 69.766667 | C19: =MAX('Student Data'!G2:G31) -> 100 | D19: =MIN('Student Data'!G2:G31) -> 34 | E19: =COUNTIF('Student Data'!G2:G31,"<35") -> 1
A22: GRADE DISTRIBUTION
A23: Grade | B23: Students | C23: % of Class
A24: A | B24: =COUNTIF('Student Data'!J2:J31,A24) -> 4 | C24: =IFERROR(B24/$B$4,0) -> 0.13333333
A25: B | B25: =COUNTIF('Student Data'!J2:J31,A25) -> 22 | C25: =IFERROR(B25/$B$4,0) -> 0.73333333
A26: C | B26: =COUNTIF('Student Data'!J2:J31,A26) -> 4 | C26: =IFERROR(B26/$B$4,0) -> 0.13333333
A27: D | B27: =COUNTIF('Student Data'!J2:J31,A27) -> 0 | C27: =IFERROR(B27/$B$4,0) -> 0
A28: F | B28: =COUNTIF('Student Data'!J2:J31,A28) -> 0 | C28: =IFERROR(B28/$B$4,0) -> 0
A30: Grade rule: A >= 75%, B >= 60%, C >= 45%, D >= 35%, else F. Edit the Student Data marks and everything updates.

Sheet Student Data
A1: Roll No | B1: Student Name | C1: Mathematics | D1: Computer Science | E1: English | F1: Database (SQL) | G1: Programming (C++) | H1: Total (out of 500) | I1: Percentage | J1: Grade | K1: Result | L1: Rank | N1: Note: sample practice marks created for this project (not real student data). Pass rule: at least 35 in every subject.
A2: 1 | B2: Aarav | C2: 37 | D2: 72 | E2: 87 | F2: 65 | G2: 63 | H2: =SUM(C2:G2) -> 324 | I2: =H2/500 -> 0.648 | J2: =IF(I2>=0.75,"A",IF(I2>=0.6,"B",IF(I2>=0.45,"C",IF(I2>=0.35,"D","F")))) -> B | K2: =IF(COUNTIF(C2:G2,"<35")>0,"Fail","Pass") -> Pass | L2: =RANK(H2,$H$2:$H$31,0) -> 20
A3: 2 | B3: Riya | C3: 72 | D3: 52 | E3: 68 | F3: 83 | G3: 75 | H3: =SUM(C3:G3) -> 350 | I3: =H3/500 -> 0.7 | J3: =IF(I3>=0.75,"A",IF(I3>=0.6,"B",IF(I3>=0.45,"C",IF(I3>=0.35,"D","F")))) -> B | K3: =IF(COUNTIF(C3:G3,"<35")>0,"Fail","Pass") -> Pass | L3: =RANK(H3,$H$2:$H$31,0) -> 11
A4: 3 | B4: Rohan | C4: 100 | D4: 64 | E4: 37 | F4: 90 | G4: 72 | H4: =SUM(C4:G4) -> 363 | I4: =H4/500 -> 0.726 | J4: =IF(I4>=0.75,"A",IF(I4>=0.6,"B",IF(I4>=0.45,"C",IF(I4>=0.35,"D","F")))) -> B | K4: =IF(COUNTIF(C4:G4,"<35")>0,"Fail","Pass") -> Pass | L4: =RANK(H4,$H$2:$H$31,0) -> 6
A5: 4 | B5: Sneha | C5: 63 | D5: 89 | E5: 81 | F5: 64 | G5: 82 | H5: =SUM(C5:G5) -> 379 | I5: =H5/500 -> 0.758 | J5: =IF(I5>=0.75,"A",IF(I5>=0.6,"B",IF(I5>=0.45,"C",IF(I5>=0.35,"D","F")))) -> A | K5: =IF(COUNTIF(C5:G5,"<35")>0,"Fail","Pass") -> Pass | L5: =RANK(H5,$H$2:$H$31,0) -> 4
A6: 5 | B6: Aditya | C6: 46 | D6: 51 | E6: 64 | F6: 74 | G6: 52 | H6: =SUM(C6:G6) -> 287 | I6: =H6/500 -> 0.574 | J6: =IF(I6>=0.75,"A",IF(I6>=0.6,"B",IF(I6>=0.45,"C",IF(I6>=0.35,"D","F")))) -> C | K6: =IF(COUNTIF(C6:G6,"<35")>0,"Fail","Pass") -> Pass | L6: =RANK(H6,$H$2:$H$31,0) -> 27
A7: 6 | B7: Pooja | C7: 80 | D7: 78 | E7: 54 | F7: 88 | G7: 100 | H7: =SUM(C7:G7) -> 400 | I7: =H7/500 -> 0.8 | J7: =IF(I7>=0.75,"A",IF(I7>=0.6,"B",IF(I7>=0.45,"C",IF(I7>=0.35,"D","F")))) -> A | K7: =IF(COUNTIF(C7:G7,"<35")>0,"Fail","Pass") -> Pass | L7: =RANK(H7,$H$2:$H$31,0) -> 2
A8: 7 | B8: Kunal | C8: 58 | D8: 50 | E8: 63 | F8: 48 | G8: 59 | H8: =SUM(C8:G8) -> 278 | I8: =H8/500 -> 0.556 | J8: =IF(I8>=0.75,"A",IF(I8>=0.6,"B",IF(I8>=0.45,"C",IF(I8>=0.35,"D","F")))) -> C | K8: =IF(COUNTIF(C8:G8,"<35")>0,"Fail","Pass") -> Pass | L8: =RANK(H8,$H$2:$H$31,0) -> 29
A9: 8 | B9: Neha | C9: 72 | D9: 58 | E9: 79 | F9: 56 | G9: 80 | H9: =SUM(C9:G9) -> 345 | I9: =H9/500 -> 0.69 | J9: =IF(I9>=0.75,"A",IF(I9>=0.6,"B",IF(I9>=0.45,"C",IF(I9>=0.35,"D","F")))) -> B | K9: =IF(COUNTIF(C9:G9,"<35")>0,"Fail","Pass") -> Pass | L9: =RANK(H9,$H$2:$H$31,0) -> 13
A10: 9 | B10: Vikas | C10: 76 | D10: 61 | E10: 93 | F10: 68 | G10: 65 | H10: =SUM(C10:G10) -> 363 | I10: =H10/500 -> 0.726 | J10: =IF(I10>=0.75,"A",IF(I10>=0.6,"B",IF(I10>=0.45,"C",IF(I10>=0.35,"D","F")))) -> B | K10: =IF(COUNTIF(C10:G10,"<35")>0,"Fail","Pass") -> Pass | L10: =RANK(H10,$H$2:$H$31,0) -> 6
A11: 10 | B11: Anjali | C11: 72 | D11: 39 | E11: 87 | F11: 100 | G11: 83 | H11: =SUM(C11:G11) -> 381 | I11: =H11/500 -> 0.762 | J11: =IF(I11>=0.75,"A",IF(I11>=0.6,"B",IF(I11>=0.45,"C",IF(I11>=0.35,"D","F")))) -> A | K11: =IF(COUNTIF(C11:G11,"<35")>0,"Fail","Pass") -> Pass | L11: =RANK(H11,$H$2:$H$31,0) -> 3
A12: 11 | B12: Rahul | C12: 67 | D12: 32 | E12: 64 | F12: 71 | G12: 53 | H12: =SUM(C12:G12) -> 287 | I12: =H12/500 -> 0.574 | J12: =IF(I12>=0.75,"A",IF(I12>=0.6,"B",IF(I12>=0.45,"C",IF(I12>=0.35,"D","F")))) -> C | K12: =IF(COUNTIF(C12:G12,"<35")>0,"Fail","Pass") -> Fail | L12: =RANK(H12,$H$2:$H$31,0) -> 27
A13: 12 | B13: Priya | C13: 45 | D13: 92 | E13: 100 | F13: 52 | G13: 71 | H13: =SUM(C13:G13) -> 360 | I13: =H13/500 -> 0.72 | J13: =IF(I13>=0.75,"A",IF(I13>=0.6,"B",IF(I13>=0.45,"C",IF(I13>=0.35,"D","F")))) -> B | K13: =IF(COUNTIF(C13:G13,"<35")>0,"Fail","Pass") -> Pass | L13: =RANK(H13,$H$2:$H$31,0) -> 9
... A31: 30 | B31: Rutuja | C31: 86 | D31: 56 | E31: 34 | F31: 71 | G31: 61 | H31: =SUM(C31:G31) -> 308 | I31: =H31/500 -> 0.616 | J31: =IF(I31>=0.75,"A",IF(I31>=0.6,"B",IF(I31>=0.45,"C",IF(I31>=0.35,"D","F")))) -> B | K31: =IF(COUNTIF(C31:G31,"<35")>0,"Fail","Pass") -> Fail | L31: =RANK(H31,$H$2:$H$31,0) -> 23
